Cycle,Time,Notes
1,10.704,
2,18.02,
3,24.80666667,
4,31.30666667,
5,37.58666667,
6,43.568,
7,49.54133333,
8,55.308,
9,60.94114583,
10,66.708,
11,72.552,
